course_name,interest,description,category
Backend Development with Django,Web Development,Learn backend development with the Django framework.,Backend
Data Visualization with Tableau,Data Science,Create compelling data visualizations using Tableau.,Data Science
Deep Learning with TensorFlow,Data Science,Build and train deep learning models with TensorFlow.,Data Science
Mobile App Development with Flutter,Mobile Development,Create beautiful mobile applications using Flutter.,Mobile Development
iOS Development with Swift,Mobile Development,Learn to develop iOS applications using Swift.,Mobile Development
Android Development with Kotlin,Mobile Development,Build Android apps with Kotlin programming language.,Mobile Development
Java Programming Essentials,Programming,Master the fundamentals of Java programming.,Programming
Advanced JavaScript,Programming,Explore advanced topics in JavaScript programming.,Programming
C# Programming for Beginners,Programming,Introduction to C# programming language and .NET framework.,Programming
Game Development with Unity,Game Development,Learn to create games using Unity game engine.,Game Development
3D Modeling with Blender,Game Development,Create 3D models and animations using Blender.,Game Development
Cybersecurity Fundamentals,Security,Introduction to cybersecurity concepts and practices.,Security
Ethical Hacking,Security,Learn the basics of ethical hacking and penetration testing.,Security
Cloud Computing with AWS,Cloud Computing,Understand the basics of cloud computing with AWS.,Cloud Computing
DevOps with Docker and Kubernetes,DevOps,Implement DevOps practices using Docker and Kubernetes.,DevOps
Data Engineering with Spark,Data Science,Learn to build data pipelines with Apache Spark.,Data Science
Big Data with Hadoop,Data Science,Introduction to Big Data concepts and Hadoop ecosystem.,Data Science
Natural Language Processing with NLTK,Data Science,Explore NLP techniques using NLTK library.,Data Science
Time Series Analysis with Python,Data Science,Analyze time series data with Python.,Data Science
Statistics for Data Science,Data Science,Understand statistical methods used in data science.,Data Science
Linear Algebra for Machine Learning,Data Science,Learn linear algebra concepts essential for machine learning.,Data Science
Introduction to Blockchain,Blockchain,Understand blockchain technology and its applications.,Blockchain
Smart Contracts with Ethereum,Blockchain,Develop smart contracts on the Ethereum platform.,Blockchain
Introduction to Quantum Computing,Quantum Computing,Explore the basics of quantum computing.,Quantum Computing
Quantum Algorithms,Quantum Computing,Learn about quantum algorithms and their applications.,Quantum Computing
Digital Marketing Basics,Marketing,Introduction to digital marketing strategies and tools.,Marketing
SEO Fundamentals,Marketing,Understand search engine optimization techniques.,Marketing
Content Marketing Strategies,Marketing,Develop effective content marketing strategies.,Marketing
Social Media Marketing,Marketing,Leverage social media platforms for marketing.,Marketing
Email Marketing,Marketing,Create successful email marketing campaigns.,Marketing
Graphic Design with Photoshop,Design,Learn graphic design principles using Photoshop.,Design
UI/UX Design,Design,Understand user interface and user experience design.,Design
Adobe Illustrator for Beginners,Design,Master the basics of Adobe Illustrator.,Design
Motion Graphics with After Effects,Design,Create motion graphics using Adobe After Effects.,Design
Photography Basics,Photography,Introduction to photography techniques and equipment.,Photography
Advanced Photography,Photography,Explore advanced photography concepts and practices.,Photography
Video Editing with Premiere Pro,Video Editing,Edit videos using Adobe Premiere Pro.,Video Editing
Music Production with Ableton Live,Music Production,Learn music production techniques using Ableton Live.,Music Production
Sound Design with Logic Pro,Music Production,Create sound effects and music with Logic Pro.,Music Production
Animation with Toon Boom,Animation,Develop animation skills using Toon Boom.,Animation
Character Design,Animation,Create compelling character designs for animation.,Animation
Scriptwriting for Film and TV,Film,Write scripts for film and television.,Film
Film Production Basics,Film,Understand the basics of film production.,Film
Video Production with Final Cut Pro,Video Editing,Edit videos with Final Cut Pro.,Video Editing
Business Analytics with Excel,Business,Analyze business data using Excel.,Business
Financial Analysis,Finance,Learn financial analysis techniques and tools.,Finance
Investment Strategies,Finance,Develop effective investment strategies.,Finance
Introduction to Cryptocurrencies,Finance,Understand the basics of cryptocurrencies.,Finance
Stock Market Fundamentals,Finance,Learn the fundamentals of the stock market.,Finance
Economics 101,Economics,Introduction to basic economic principles.,Economics
Advanced Microeconomics,Economics,Explore advanced microeconomic concepts.,Economics
Introduction to Sociology,Sociology,Understand the basics of sociology.,Sociology
Cultural Anthropology,Anthropology,Study cultural anthropology and its applications.,Anthropology
Introduction to Psychology,Psychology,Learn the basics of psychology.,Psychology
Cognitive Psychology,Psychology,Explore cognitive psychology concepts.,Psychology
Introduction to Philosophy,Philosophy,Understand basic philosophical concepts.,Philosophy
Ethics and Morality,Philosophy,Study ethical theories and moral philosophy.,Philosophy
Introduction to Linguistics,Linguistics,Learn the basics of linguistics.,Linguistics
Sociolinguistics,Linguistics,Explore the relationship between language and society.,Linguistics
Introduction to Literature,Literature,Study literary concepts and works.,Literature
Creative Writing,Writing,Develop creative writing skills.,Writing
Technical Writing,Writing,Learn technical writing techniques.,Writing
Scientific Writing,Writing,Understand the basics of scientific writing.,Writing
Introduction to Law,Law,Study the basics of law and legal systems.,Law
Constitutional Law,Law,Understand constitutional law concepts.,Law
International Relations,Political Science,Study the basics of international relations.,Political Science
Political Theory,Political Science,Explore political theory concepts.,Political Science
Introduction to History,History,Learn the basics of historical study.,History
World History,History,Explore world history events and trends.,History
American History,History,Study the history of the United States.,History
Introduction to Geography,Geography,Understand basic geographical concepts.,Geography
Human Geography,Geography,Study the relationship between humans and their environment.,Geography
Physical Geography,Geography,Explore physical geographical features.,Geography
Introduction to Biology,Biology,Learn the basics of biology.,Biology
Genetics,Biology,Study genetic concepts and applications.,Biology
Introduction to Chemistry,Chemistry,Understand basic chemical principles.,Chemistry
Organic Chemistry,Chemistry,Explore the basics of organic chemistry.,Chemistry
Introduction to Physics,Physics,Learn fundamental physics concepts.,Physics
Quantum Mechanics,Physics,Study the basics of quantum mechanics.,Physics
Introduction to Environmental Science,Environmental Science,Understand environmental science principles.,Environmental Science
Ecology,Environmental Science,Explore ecological concepts and their applications.,Environmental Science
Introduction to Astronomy,Astronomy,Learn the basics of astronomy.,Astronomy
Astrophysics,Astronomy,Study the basics of astrophysics.,Astronomy
Meteorology,Environmental Science,Understand weather and climate concepts.,Environmental Science
Oceanography,Environmental Science,Explore oceanographic principles.,Environmental Science
Introduction to Engineering,Engineering,Learn the basics of engineering principles.,Engineering
Mechanical Engineering,Engineering,Study mechanical engineering concepts.,Engineering
Electrical Engineering,Engineering,Understand electrical engineering principles.,Engineering
Civil Engineering,Engineering,Explore civil engineering concepts.,Engineering
Introduction to Medicine,Medicine,Learn the basics of medical science.,Medicine
Human Anatomy,Medicine,Study human anatomical structures.,Medicine
Introduction to Nursing,Nursing,Understand basic nursing concepts.,Nursing
Clinical Psychology,Psychology,Explore clinical psychology principles.,Psychology
Public Health,Health,Study public health concepts and practices.,Health
Operations Management,Business,Learn the basics of operations management.,Business
Supply Chain Management,Business,Understand supply chain management principles.,Business
Strategic Management,Business,Explore strategic management concepts.,Business
Project Management,Business,Learn project management methodologies and tools.,Business
Leadership and Organizational Behavior,Business,Understand leadership and organizational behavior.,Business
Entrepreneurship,Business,Explore entrepreneurship principles and practices.,Business
Retail Management,Business,Learn retail management strategies and operations.,Business
Hospitality Management,Business,Understand hospitality management concepts and practices.,Business
Tourism Management,Business,Explore tourism management principles and strategies.,Business
Risk Management,Business,Learn risk management techniques and strategies.,Business
Marketing Analytics,Marketing,Understand marketing analytics tools and techniques.,Marketing
Brand Management,Marketing,Explore brand management strategies and practices.,Marketing
Consumer Behavior,Marketing,Study consumer behavior theories and models.,Marketing
Digital Advertising,Marketing,Learn digital advertising strategies and tactics.,Marketing
Sales Management,Marketing,Understand sales management principles and strategies.,Marketing
Operations Research,Business,Explore operations research methodologies.,Business
Business Ethics and Corporate Social Responsibility,Business,Study business ethics and CSR principles.,Business
Financial Accounting,Accounting,Learn financial accounting principles and practices.,Accounting
Managerial Accounting,Accounting,Understand managerial accounting concepts and techniques.,Accounting
Auditing,Accounting,Explore auditing principles and practices.,Accounting
Taxation,Accounting,Understand taxation laws and principles.,Accounting
Financial Management,Finance,Learn financial management strategies and techniques.,Finance
Corporate Finance,Finance,Understand corporate finance principles and practices.,Finance
Investment Banking,Finance,Explore investment banking functions and operations.,Finance
Derivatives and Risk Management,Finance,Learn about derivatives markets and risk management.,Finance
International Finance,Finance,Understand international finance concepts and strategies.,Finance
Behavioral Economics,Economics,Explore behavioral economics theories and principles.,Economics
Development Economics,Economics,Understand development economics concepts and strategies.,Economics
Health Economics,Economics,Study health economics principles and applications.,Economics
Labor Economics,Economics,Explore labor economics theories and practices.,Economics
Environmental Economics,Economics,Understand environmental economics concepts.,Economics
Public Economics,Economics,Explore public economics theories and applications.,Economics
Monetary Economics,Economics,Understand monetary economics principles.,Economics
Financial Econometrics,Economics,Explore financial econometrics methodologies.,Economics
Quantitative Finance,Finance,Learn quantitative finance techniques and models.,Finance
Real Estate Finance,Finance,Understand real estate finance principles and practices.,Finance
Financial Markets and Institutions,Finance,Explore financial markets and institutions.,Finance
International Trade,Economics,Understand international trade theories and practices.,Economics
Trade Policy,Economics,Explore trade policy concepts and strategies.,Economics
Macroeconomics,Economics,Study macroeconomic theories and principles.,Economics
Microeconomics,Economics,Explore microeconomic theories and applications.,Economics
Experimental Economics,Economics,Understand experimental economics methodologies.,Economics
Social Economics,Economics,Explore social economics theories and applications.,Economics
Health Policy and Management,Health,Learn health policy formulation and management.,Health
Healthcare Economics,Health,Understand healthcare economics principles.,Health
Healthcare Quality Management,Health,Explore healthcare quality management strategies.,Health
Health Informatics,Health,Learn about health informatics systems and applications.,Health
Healthcare Administration,Health,Understand healthcare administration principles.,Health
Public Health Policy,Health,Explore public health policy development and implementation.,Health
Global Health,Health,Understand global health issues and challenges.,Health
Epidemiology,Health,Explore epidemiological methods and principles.,Health
Healthcare Ethics,Health,Study healthcare ethics theories and applications.,Health
Clinical Trials,Health,Learn about clinical trials design and management.,Health
Healthcare Law and Regulation,Health,Understand healthcare law and regulatory frameworks.,Health
Nutrition and Dietetics,Health,Explore nutrition and dietetics principles and practices.,Health
Exercise Science and Fitness,Health,Learn about exercise science and fitness principles.,Health
Sports Management,Sports,Understand sports management principles and strategies.,Sports
Sports Marketing,Sports,Explore sports marketing concepts and strategies.,Sports
Sports Psychology,Sports,Study sports psychology theories and applications.,Sports
Sports Coaching and Leadership,Sports,Learn sports coaching and leadership principles.,Sports
Sports Medicine,Sports,Explore sports medicine principles and practices.,Sports
Athletic Training,Athletics,Understand athletic training techniques and principles.,Athletics
Strength and Conditioning,Athletics,Learn strength and conditioning principles and practices.,Athletics
Physical Therapy,Health,Understand physical therapy techniques and principles.,Health
Occupational Therapy,Health,Explore occupational therapy principles and applications.,Health
Speech-Language Pathology,Health,Learn about speech-language pathology principles.,Health
Art Therapy,Health,Understand art therapy principles and applications.,Health
Music Therapy,Health,Explore music therapy techniques and applications.,Health
Dance Therapy,Health,Learn dance therapy principles and practices.,Health
Rehabilitation Counseling,Health,Understand rehabilitation counseling principles.,Health
Mental Health Counseling,Psychology,Explore mental health counseling theories and practices.,Psychology
Marriage and Family Therapy,Psychology,Learn about marriage and family therapy principles.,Psychology
School Counseling,Psychology,Understand school counseling principles and practices.,Psychology
Addiction Counseling,Psychology,Explore addiction counseling theories and applications.,Psychology
Industrial-Organizational Psychology,Psychology,Learn about industrial-organizational psychology.,Psychology
Sports Counseling,Psychology,Understand sports counseling principles and practices.,Psychology
Forensic Psychology,Psychology,Explore forensic psychology concepts and applications.,Psychology
Behavioral Health,Psychology,Learn about behavioral health theories and practices.,Psychology
Geriatric Counseling,Psychology,Understand geriatric counseling principles.,Psychology
Veterinary Medicine,Medicine,Learn veterinary medicine principles and practices.,Medicine
Animal Science,Animal Science,Understand animal science principles and applications.,Animal Science
Animal Behavior,Animal Science,Explore animal behavior theories and principles.,Animal Science
Pet Grooming and Care,Pets,Learn pet grooming and care techniques and practices.,Pets
Pet Training and Behavior,Pets,Understand pet training and behavior principles.,Pets
Pet Nutrition and Health,Pets,Explore pet nutrition and health principles.,Pets
Pet First Aid and CPR,Pets,Learn pet first aid and CPR techniques.,Pets
Equine Science,Equine Science,Understand equine science principles and applications.,Equine Science
Equine Management,Equine Science,Explore equine management principles and practices.,Equine Science
Equine Nutrition,Equine Science,Learn about equine nutrition principles.,Equine Science
Equine Health and Wellness,Equine Science,Understand equine health and wellness practices.,Equine Science
Plant Science,Agriculture,Explore plant science principles and applications.,Agriculture
Crop Production and Management,Agriculture,Learn about crop production and management.,Agriculture
Soil Science,Agriculture,Understand soil science principles and practices.,Agriculture
Pest Management,Agriculture,Explore pest management techniques and practices.,Agriculture
Horticulture,Agriculture,Learn horticulture principles and practices.,Agriculture
Agribusiness Management,Agriculture,Understand agribusiness management concepts.,Agriculture
Livestock Management,Agriculture,Explore livestock management principles and practices.,Agriculture
Animal Nutrition,Agriculture,Learn about animal nutrition principles and practices.,Agriculture
Agricultural Economics,Agriculture,Understand agricultural economics principles.,Agriculture
Food Science and Technology,Food Science,Explore food science and technology principles.,Food Science
Food Safety and Quality Management,Food Science,Understand food safety and quality management.,Food Science
Nutrition and Dietetics,Nutrition,Learn nutrition and dietetics principles and practices.,Nutrition
Clinical Nutrition,Nutrition,Explore clinical nutrition principles and applications.,Nutrition
Public Health Nutrition,Nutrition,Understand public health nutrition principles.,Nutrition
Sports Nutrition,Nutrition,Learn sports nutrition principles and practices.,Nutrition
Community Nutrition,Nutrition,Explore community nutrition concepts and strategies.,Nutrition
Dietary Supplements and Herbal Medicine,Nutrition,Understand dietary supplements and herbal medicine.,Nutrition
Health and Wellness Coaching,Health,Learn health and wellness coaching principles.,Health
Fitness and Wellness,Health,Explore fitness and wellness concepts and practices.,Health
Personal Training,Health,Understand personal training principles and techniques.,Health
Yoga and Meditation,Health,Learn yoga and meditation techniques and benefits.,Health
Mindfulness and Stress Management,Health,Explore mindfulness and stress management techniques.,Health
Holistic Health and Alternative Medicine,Health,Understand holistic health and alternative medicine.,Health
Herbalism and Botanical Medicine,Health,Learn about herbalism and botanical medicine.,Health
Traditional Chinese Medicine,Health,Explore traditional Chinese medicine principles.,Health
Ayurveda and Natural Healing,Health,Understand Ayurveda and natural healing practices.,Health
Massage Therapy,Health,Learn massage therapy techniques and benefits.,Health
Acupuncture and Traditional Medicine,Health,Explore acupuncture and traditional medicine practices.,Health
Chiropractic Care and Rehabilitation,Health,Understand chiropractic care and rehabilitation.,Health
Physiotherapy,Health,Learn physiotherapy techniques and principles.,Health
Occupational Health and Safety,Health,Explore occupational health and safety principles.,Health
Industrial Hygiene,Health,Understand industrial hygiene practices and principles.,Health
Environmental Health,Health,Learn about environmental health concepts and practices.,Health
Public Health Epidemiology,Health,Explore public health epidemiology principles.,Health
Health Behavior and Promotion,Health,Understand health behavior and promotion strategies.,Health
Health Communication,Health,Learn health communication principles and practices.,Health
Healthcare Technology and Informatics,Health,Explore healthcare technology and informatics.,Health
Healthcare Leadership and Management,Health,Understand healthcare leadership and management.,Health
Healthcare Policy and Advocacy,Health,Learn about healthcare policy and advocacy.,Health
Healthcare Innovation and Entrepreneurship,Health,Explore healthcare innovation and entrepreneurship.,Health
Healthcare Data Analytics,Health,Understand healthcare data analytics techniques.,Health
Healthcare Information Systems,Health,Explore healthcare information systems.,Health
Clinical Informatics,Health,Learn clinical informatics principles and applications.,Health
Healthcare Ethics and Law,Health,Understand healthcare ethics and law principles.,Health
Healthcare Finance and Economics,Health,Explore healthcare finance and economics.,Health
Medical Billing and Coding,Health,Learn medical billing and coding principles.,Health
Healthcare Administration and Management,Health,Understand healthcare administration and management.,Health
Healthcare Quality Improvement,Health,Explore healthcare quality improvement strategies.,Health
Public Health Management and Policy,Health,Learn public health management and policy.,Health
Public Health Research Methods,Health,Explore public health research methodologies.,Health
Global Public Health,Health,Understand global public health issues and challenges.,Health
Environmental Health and Safety,Health,Explore environmental health and safety practices.,Health
Occupational Health Psychology,Psychology,Understand occupational health psychology.,Psychology
Community Psychology,Psychology,Explore community psychology principles.,Psychology
Sports Psychology,Psychology,Study sports psychology theories and applications.,Psychology
Educational Psychology,Psychology,Learn about educational psychology principles.,Psychology
Developmental Psychology,Psychology,Explore developmental psychology concepts.,Psychology
Clinical Psychology,Psychology,Understand clinical psychology principles and practices.,Psychology
Counseling Psychology,Psychology,Learn about counseling psychology theories.,Psychology
